{
  "bot_states": [
    {
      "ID": 0,
      "direction": -21.904574734213693,
      "state": {},
      "x_position": -71.192284170548291,
      "y_position": 154.50684423867193
    },
    {
      "ID": 1,
      "direction": -20.334574734213778,
      "state": {},
      "x_position": 135.85615126261359,
      "y_position": 44.438199034238153
    },
    {
      "ID": 2,
      "direction": -14.652149179883809,
      "state": {},
      "x_position": -136.07230829468537,
      "y_position": 166.62176453321118
    },
    {
      "ID": 3,
      "direction": -18.764574734213852,
      "state": {},
      "x_position": 124.9309184918212,
      "y_position": -116.27776767770658
    }
  ],
  "ticks": 5365
}